Name,Code,Easting,Northing,Elevation,Description,Longitude,Latitude,Ellipsoidal height,Easting RMS,Northing RMS,Elevation RMS,Lateral RMS,Antenna height,Antenna height units,Solution status,Averaging start,Averaging end,Samples,PDOP,Base easting,Base northing,Base elevation,Base longitude,Base latitude,Base ellipsoidal height,Baseline,CS name
SDP1,,606941.372,4865275.953,1863.661,162,-115.66764261,43.93283646,1863.661,0.560,0.642,1.001,0.852,2.800,m,SINGLE,2023-02-09 12:41:54.0 UTC-07:00,2023-02-09 12:41:55.0 UTC-07:00,6,2.6,,,,,,,,WGS 84 / UTM zone 11N
SDP2,,606941.918,4865276.879,1864.993,158,-115.66763562,43.93284471,1864.993,0.405,0.332,0.653,0.524,2.800,m,SINGLE,2023-02-09 12:42:20.8 UTC-07:00,2023-02-09 12:42:21.8 UTC-07:00,6,1.9,,,,,,,,WGS 84 / UTM zone 11N
SDP3,,606942.579,4865279.038,1860.096,157,-115.66762695,43.93286405,1860.096,0.446,0.264,0.707,0.519,2.800,m,SINGLE,2023-02-09 12:42:42.2 UTC-07:00,2023-02-09 12:42:43.2 UTC-07:00,6,1.8,,,,,,,,WGS 84 / UTM zone 11N
SDP4,,606947.111,4865278.494,1858.620,157,-115.66757062,43.93285850,1858.620,0.465,0.430,0.797,0.634,2.800,m,SINGLE,2023-02-09 12:43:01.4 UTC-07:00,2023-02-09 12:43:02.4 UTC-07:00,6,1.9,,,,,,,,WGS 84 / UTM zone 11N
SDP5,,606947.599,4865282.352,1853.751,153,-115.66756376,43.93289316,1853.751,0.235,0.171,0.484,0.291,2.800,m,SINGLE,2023-02-09 12:43:25.4 UTC-07:00,2023-02-09 12:43:26.4 UTC-07:00,6,1.6,,,,,,,,WGS 84 / UTM zone 11N
SDP6,,606947.467,4865280.982,1848.170,163 radar target 1,-115.66756568,43.93288084,1848.170,0.290,0.262,0.544,0.391,2.800,m,SINGLE,2023-02-09 12:43:51.0 UTC-07:00,2023-02-09 12:43:52.0 UTC-07:00,6,1.6,,,,,,,,WGS 84 / UTM zone 11N
SDP7,,606945.940,4865283.184,1856.720,176,-115.66758426,43.93290089,1856.720,0.220,0.161,0.463,0.273,2.800,m,SINGLE,2023-02-09 12:44:16.8 UTC-07:00,2023-02-09 12:44:17.8 UTC-07:00,6,1.6,,,,,,,,WGS 84 / UTM zone 11N
SDP8,,606946.290,4865285.376,1860.093,154,-115.66757946,43.93292056,1860.093,0.180,0.185,0.401,0.258,2.800,m,SINGLE,2023-02-09 12:44:42.2 UTC-07:00,2023-02-09 12:44:43.2 UTC-07:00,6,1.5,,,,,,,,WGS 84 / UTM zone 11N
SDP9,,606946.573,4865288.705,1857.244,169,-115.66757526,43.93295049,1857.244,0.194,0.193,0.472,0.274,2.800,m,SINGLE,2023-02-09 12:44:59.2 UTC-07:00,2023-02-09 12:45:00.2 UTC-07:00,6,1.7,,,,,,,,WGS 84 / UTM zone 11N
SDP10,,606944.646,4865288.549,1857.964,160,-115.66759930,43.93294936,1857.964,0.208,0.181,0.460,0.276,2.800,m,SINGLE,2023-02-09 12:45:18.0 UTC-07:00,2023-02-09 12:45:19.0 UTC-07:00,6,1.6,,,,,,,,WGS 84 / UTM zone 11N
SDP11,,606944.863,4865291.708,1855.936,140,-115.66759595,43.93297777,1855.936,0.230,0.163,0.452,0.282,2.800,m,SINGLE,2023-02-09 12:45:35.6 UTC-07:00,2023-02-09 12:45:36.6 UTC-07:00,6,1.5,,,,,,,,WGS 84 / UTM zone 11N
SDP12,,606943.777,4865293.211,1856.619,149,-115.66760918,43.93299146,1856.619,0.191,0.172,0.426,0.257,2.800,m,SINGLE,2023-02-09 12:45:49.4 UTC-07:00,2023-02-09 12:45:50.4 UTC-07:00,6,1.4,,,,,,,,WGS 84 / UTM zone 11N
SDP13,,606943.289,4865292.834,1853.433,147,-115.66761534,43.93298813,1853.433,0.309,0.307,0.661,0.436,2.800,m,SINGLE,2023-02-09 12:46:08.0 UTC-07:00,2023-02-09 12:46:09.0 UTC-07:00,6,1.5,,,,,,,,WGS 84 / UTM zone 11N
SDP14,,606939.290,4865289.936,1853.901,159,-115.66766573,43.93296263,1853.901,0.254,0.197,0.496,0.322,2.800,m,SINGLE,2023-02-09 12:46:30.4 UTC-07:00,2023-02-09 12:46:31.4 UTC-07:00,6,1.6,,,,,,,,WGS 84 / UTM zone 11N
SDP15,,606938.435,4865292.319,1853.666,137 radar target mid,-115.66767590,43.93298420,1853.666,0.230,0.150,0.407,0.275,2.800,m,SINGLE,2023-02-09 12:47:01.8 UTC-07:00,2023-02-09 12:47:02.8 UTC-07:00,6,1.6,,,,,,,,WGS 84 / UTM zone 11N
SDP16,,606938.299,4865291.758,1853.300,156,-115.66767771,43.93297917,1853.300,0.241,0.192,0.445,0.308,2.800,m,SINGLE,2023-02-09 12:47:29.4 UTC-07:00,2023-02-09 12:47:30.4 UTC-07:00,6,1.4,,,,,,,,WGS 84 / UTM zone 11N
SDP17,,606936.419,4865292.850,1851.354,150,-115.66770091,43.93298927,1851.354,0.203,0.179,0.438,0.271,2.800,m,SINGLE,2023-02-09 12:47:49.4 UTC-07:00,2023-02-09 12:47:50.4 UTC-07:00,6,1.7,,,,,,,,WGS 84 / UTM zone 11N
SDP18,,606935.002,4865292.587,1851.438,156,-115.66771860,43.93298711,1851.438,0.220,0.190,0.482,0.291,2.800,m,SINGLE,2023-02-09 12:48:06.6 UTC-07:00,2023-02-09 12:48:07.6 UTC-07:00,6,1.7,,,,,,,,WGS 84 / UTM zone 11N
SDP19,,606933.222,4865294.899,1852.158,122,-115.66774031,43.93300818,1852.158,0.286,0.178,0.394,0.337,2.800,m,SINGLE,2023-02-09 12:48:23.8 UTC-07:00,2023-02-09 12:48:24.8 UTC-07:00,6,1.6,,,,,,,,WGS 84 / UTM zone 11N
SDP20,,606934.099,4865294.281,1853.966,155,-115.66772951,43.93300249,1853.966,0.266,0.198,0.509,0.332,2.800,m,SINGLE,2023-02-09 12:48:37.0 UTC-07:00,2023-02-09 12:48:38.0 UTC-07:00,6,1.6,,,,,,,,WGS 84 / UTM zone 11N
SDP21,,606932.930,4865295.235,1854.923,135,-115.66774388,43.93301124,1854.923,0.439,0.270,0.618,0.515,2.800,m,SINGLE,2023-02-09 12:48:56.2 UTC-07:00,2023-02-09 12:48:57.2 UTC-07:00,6,2.9,,,,,,,,WGS 84 / UTM zone 11N
SDP22,,606932.657,4865296.397,1854.178,154,-115.66774705,43.93302174,1854.178,0.400,0.240,0.725,0.467,2.800,m,SINGLE,2023-02-09 12:49:28.0 UTC-07:00,2023-02-09 12:49:29.0 UTC-07:00,6,1.9,,,,,,,,WGS 84 / UTM zone 11N
SDP23,,606931.561,4865298.675,1853.074,153,-115.66776024,43.93304241,1853.074,0.395,0.254,0.708,0.470,2.800,m,SINGLE,2023-02-09 12:49:42.6 UTC-07:00,2023-02-09 12:49:43.6 UTC-07:00,6,2.0,,,,,,,,WGS 84 / UTM zone 11N
SDP24,,606931.317,4865298.728,1852.890,153,-115.66776327,43.93304292,1852.890,0.379,0.250,0.711,0.454,2.800,m,SINGLE,2023-02-09 12:49:53.2 UTC-07:00,2023-02-09 12:49:54.2 UTC-07:00,6,1.9,,,,,,,,WGS 84 / UTM zone 11N
SDP25,,606930.788,4865300.852,1854.580,157,-115.66776944,43.93306212,1854.580,0.435,0.328,0.657,0.545,2.800,m,SINGLE,2023-02-09 12:50:09.6 UTC-07:00,2023-02-09 12:50:10.6 UTC-07:00,6,2.0,,,,,,,,WGS 84 / UTM zone 11N
SDP26,,606930.711,4865301.626,1854.708,155,-115.66777023,43.93306909,1854.708,0.450,0.300,0.749,0.541,2.800,m,SINGLE,2023-02-09 12:50:27.6 UTC-07:00,2023-02-09 12:50:28.6 UTC-07:00,6,2.5,,,,,,,,WGS 84 / UTM zone 11N
SDP27,,606929.938,4865303.092,1854.192,163,-115.66777957,43.93308240,1854.192,0.257,0.201,0.521,0.326,2.800,m,SINGLE,2023-02-09 12:50:47.0 UTC-07:00,2023-02-09 12:50:48.0 UTC-07:00,6,1.7,,,,,,,,WGS 84 / UTM zone 11N
SDP28,,606929.709,4865302.541,1855.308,163 radar target 3,-115.66778253,43.93307747,1855.308,0.315,0.214,0.655,0.381,2.800,m,SINGLE,2023-02-09 12:51:02.0 UTC-07:00,2023-02-09 12:51:03.0 UTC-07:00,6,1.7,,,,,,,,WGS 84 / UTM zone 11N
SDP29,,606928.364,4865303.324,1853.878,165,-115.66779912,43.93308472,1853.878,0.258,0.231,0.566,0.346,2.800,m,SINGLE,2023-02-09 12:51:21.6 UTC-07:00,2023-02-09 12:51:22.6 UTC-07:00,6,1.6,,,,,,,,WGS 84 / UTM zone 11N
SDP30,,606927.915,4865304.686,1854.220,158,-115.66780445,43.93309705,1854.220,0.280,0.201,0.590,0.345,2.800,m,SINGLE,2023-02-09 12:51:39.4 UTC-07:00,2023-02-09 12:51:40.4 UTC-07:00,6,1.5,,,,,,,,WGS 84 / UTM zone 11N
SDP31,,606926.785,4865307.506,1855.132,158,-115.66781796,43.93312259,1855.132,0.312,0.279,0.653,0.419,2.800,m,SINGLE,2023-02-09 12:51:55.0 UTC-07:00,2023-02-09 12:51:56.0 UTC-07:00,6,1.5,,,,,,,,WGS 84 / UTM zone 11N
SDP32,,606925.997,4865309.081,1854.083,158,-115.66782745,43.93313688,1854.083,0.383,0.280,0.797,0.474,2.800,m,SINGLE,2023-02-09 12:52:15.8 UTC-07:00,2023-02-09 12:52:16.8 UTC-07:00,6,1.7,,,,,,,,WGS 84 / UTM zone 11N
SDP33,,606924.727,4865307.831,1853.438,153,-115.66784352,43.93312581,1853.438,0.627,0.403,1.203,0.745,2.800,m,SINGLE,2023-02-09 12:52:33.6 UTC-07:00,2023-02-09 12:52:34.6 UTC-07:00,6,2.4,,,,,,,,WGS 84 / UTM zone 11N
SDP34,,606919.516,4865318.285,1856.432,163,-115.66790633,43.93322067,1856.432,0.552,0.687,1.200,0.881,2.800,m,SINGLE,2023-02-09 12:54:32.2 UTC-07:00,2023-02-09 12:54:33.2 UTC-07:00,6,2.3,,,,,,,,WGS 84 / UTM zone 11N
SDP35,,606921.983,4865322.564,1855.114,168,-115.66787474,43.93325883,1855.114,0.596,0.502,1.101,0.779,2.800,m,SINGLE,2023-02-09 12:54:53.6 UTC-07:00,2023-02-09 12:54:54.6 UTC-07:00,6,1.8,,,,,,,,WGS 84 / UTM zone 11N
SDP36,,606921.168,4865325.462,1856.066,158,-115.66788430,43.93328503,1856.066,0.543,0.419,0.965,0.685,2.800,m,SINGLE,2023-02-09 12:55:15.2 UTC-07:00,2023-02-09 12:55:16.2 UTC-07:00,6,1.8,,,,,,,,WGS 84 / UTM zone 11N
SDP37,,606922.063,4865327.879,1859.010,168,-115.66787268,43.93330666,1859.010,0.447,0.404,1.000,0.602,2.800,m,SINGLE,2023-02-09 12:55:37.0 UTC-07:00,2023-02-09 12:55:38.0 UTC-07:00,6,1.8,,,,,,,,WGS 84 / UTM zone 11N
SDP38,,606925.148,4865332.520,1855.938,160,-115.66783332,43.93334799,1855.938,0.650,0.280,1.200,0.708,2.800,m,SINGLE,2023-02-09 12:56:32.6 UTC-07:00,2023-02-09 12:56:33.6 UTC-07:00,6,3.7,,,,,,,,WGS 84 / UTM zone 11N
SDP39,,606927.074,4865336.610,1857.741,150,-115.66780851,43.93338452,1857.741,0.698,0.284,1.368,0.754,2.800,m,SINGLE,2023-02-09 12:56:56.6 UTC-07:00,2023-02-09 12:56:57.6 UTC-07:00,6,3.0,,,,,,,,WGS 84 / UTM zone 11N
SDP40,,606929.109,4865336.529,1859.869,155,-115.66778318,43.93338350,1859.869,0.633,0.298,1.202,0.700,2.800,m,SINGLE,2023-02-09 12:57:15.2 UTC-07:00,2023-02-09 12:57:16.2 UTC-07:00,6,2.7,,,,,,,,WGS 84 / UTM zone 11N
SDP41,,606931.342,4865336.756,1858.603,143,-115.66775531,43.93338521,1858.603,0.485,0.285,0.892,0.563,2.800,m,SINGLE,2023-02-09 12:57:31.6 UTC-07:00,2023-02-09 12:57:32.6 UTC-07:00,6,2.2,,,,,,,,WGS 84 / UTM zone 11N
SDP42,,606935.849,4865333.715,1859.653,139,-115.66769979,43.93335719,1859.653,0.485,0.295,0.980,0.568,2.800,m,SINGLE,2023-02-09 12:57:57.8 UTC-07:00,2023-02-09 12:57:58.8 UTC-07:00,6,2.4,,,,,,,,WGS 84 / UTM zone 11N
SDP43,,606938.493,4865336.765,1862.796,115,-115.66766624,43.93338425,1862.796,0.430,0.302,0.882,0.526,2.800,m,SINGLE,2023-02-09 12:58:28.2 UTC-07:00,2023-02-09 12:58:29.2 UTC-07:00,6,1.8,,,,,,,,WGS 84 / UTM zone 11N
SDP44,,606941.562,4865337.696,1862.076,130,-115.66762783,43.93339219,1862.076,0.409,0.368,0.842,0.550,2.800,m,SINGLE,2023-02-09 12:58:47.4 UTC-07:00,2023-02-09 12:58:48.4 UTC-07:00,6,1.8,,,,,,,,WGS 84 / UTM zone 11N
SDP45,,606948.240,4865339.406,1861.185,143,-115.66754431,43.93340662,1861.185,0.566,0.307,1.051,0.644,2.800,m,SINGLE,2023-02-09 12:59:10.0 UTC-07:00,2023-02-09 12:59:11.0 UTC-07:00,6,2.8,,,,,,,,WGS 84 / UTM zone 11N
SDP46,,606951.479,4865338.961,1860.866,146,-115.66750405,43.93340213,1860.866,0.769,0.405,1.500,0.869,2.800,m,SINGLE,2023-02-09 12:59:27.8 UTC-07:00,2023-02-09 12:59:28.8 UTC-07:00,6,4.8,,,,,,,,WGS 84 / UTM zone 11N
SDP47,,606955.597,4865336.925,1863.470,153,-115.66745317,43.93338322,1863.470,0.902,0.491,1.929,1.027,2.800,m,SINGLE,2023-02-09 12:59:46.8 UTC-07:00,2023-02-09 12:59:47.8 UTC-07:00,6,4.6,,,,,,,,WGS 84 / UTM zone 11N
SDP48,,606962.337,4865334.747,1865.545,120,-115.66736965,43.93336262,1865.545,0.494,0.815,1.235,0.953,2.800,m,SINGLE,2023-02-09 13:00:08.0 UTC-07:00,2023-02-09 13:00:09.0 UTC-07:00,6,2.9,,,,,,,,WGS 84 / UTM zone 11N
SDP49,,606970.252,4865332.173,1874.364,85,-115.66727159,43.93333831,1874.364,1.200,0.935,2.618,1.522,2.800,m,SINGLE,2023-02-09 13:00:55.2 UTC-07:00,2023-02-09 13:00:56.2 UTC-07:00,6,6.8,,,,,,,,WGS 84 / UTM zone 11N
SDP50,,606974.270,4865344.631,1872.424,89,-115.66721903,43.93344986,1872.424,2.223,1.601,4.497,2.740,2.800,m,SINGLE,2023-02-09 13:01:19.0 UTC-07:00,2023-02-09 13:01:20.0 UTC-07:00,6,8.1,,,,,,,,WGS 84 / UTM zone 11N
SDP51,,606977.696,4865346.410,1871.258,86,-115.66717601,43.93346538,1871.258,1.052,1.584,2.201,1.902,2.800,m,SINGLE,2023-02-09 13:01:45.8 UTC-07:00,2023-02-09 13:01:46.8 UTC-07:00,6,9.6,,,,,,,,WGS 84 / UTM zone 11N
SDP52,,606983.425,4865346.425,1872.241,71,-115.66710465,43.93346468,1872.241,1.102,0.715,2.055,1.314,2.800,m,SINGLE,2023-02-09 13:02:10.4 UTC-07:00,2023-02-09 13:02:11.4 UTC-07:00,6,6.4,,,,,,,,WGS 84 / UTM zone 11N
SDP53,,606986.080,4865354.016,1874.970,74,-115.66707005,43.93353262,1874.970,1.100,1.100,1.654,1.556,2.800,m,SINGLE,2023-02-09 13:02:28.8 UTC-07:00,2023-02-09 13:02:29.8 UTC-07:00,6,2.5,,,,,,,,WGS 84 / UTM zone 11N
SDP54,,606990.593,4865349.957,1871.821,76,-115.66701465,43.93349543,1871.821,0.928,0.945,1.700,1.324,2.800,m,SINGLE,2023-02-09 13:02:59.8 UTC-07:00,2023-02-09 13:03:00.8 UTC-07:00,6,3.1,,,,,,,,WGS 84 / UTM zone 11N
SDP55,,606992.335,4865354.871,1871.258,69,-115.66699197,43.93353941,1871.258,0.709,0.644,1.169,0.958,2.800,m,SINGLE,2023-02-09 13:03:19.8 UTC-07:00,2023-02-09 13:03:20.8 UTC-07:00,6,1.9,,,,,,,,WGS 84 / UTM zone 11N
SDP56,,606994.329,4865363.086,1869.240,79,-115.66696548,43.93361307,1869.240,1.389,1.610,2.243,2.127,2.800,m,SINGLE,2023-02-09 13:03:39.2 UTC-07:00,2023-02-09 13:03:40.2 UTC-07:00,6,2.1,,,,,,,,WGS 84 / UTM zone 11N
SDP57,,606996.557,4865361.496,1873.716,83,-115.66693804,43.93359843,1873.716,1.035,0.942,1.901,1.399,2.800,m,SINGLE,2023-02-09 13:03:55.4 UTC-07:00,2023-02-09 13:03:56.4 UTC-07:00,6,2.7,,,,,,,,WGS 84 / UTM zone 11N
SDP58,,607000.374,4865365.234,1876.092,97,-115.66688976,43.93363152,1876.092,0.704,0.743,1.201,1.023,2.800,m,SINGLE,2023-02-09 13:04:14.2 UTC-07:00,2023-02-09 13:04:15.2 UTC-07:00,6,2.5,,,,,,,,WGS 84 / UTM zone 11N
SDP59,,606999.344,4865370.001,1877.231,90,-115.66690162,43.93367458,1877.231,0.751,0.496,1.201,0.900,2.800,m,SINGLE,2023-02-09 13:04:30.6 UTC-07:00,2023-02-09 13:04:31.6 UTC-07:00,6,2.2,,,,,,,,WGS 84 / UTM zone 11N
SDP60,,606996.569,4865370.773,1878.209,107,-115.66693603,43.93368193,1878.209,0.624,0.610,1.302,0.872,2.800,m,SINGLE,2023-02-09 13:04:51.2 UTC-07:00,2023-02-09 13:04:52.2 UTC-07:00,6,1.9,,,,,,,,WGS 84 / UTM zone 11N
SDP61,,606994.675,4865370.253,1881.942,78,-115.66695973,43.93367752,1881.942,0.687,0.508,1.340,0.855,2.800,m,SINGLE,2023-02-09 13:05:17.6 UTC-07:00,2023-02-09 13:05:18.6 UTC-07:00,6,2.7,,,,,,,,WGS 84 / UTM zone 11N
SDP62,,606987.384,4865368.992,1880.707,79,-115.66705079,43.93366723,1880.707,0.703,0.757,1.002,1.033,2.800,m,SINGLE,2023-02-09 13:05:40.2 UTC-07:00,2023-02-09 13:05:41.2 UTC-07:00,6,2.1,,,,,,,,WGS 84 / UTM zone 11N
SDP63,,606987.710,4865374.260,1881.608,110,-115.66704567,43.93371461,1881.608,0.747,0.423,0.826,0.858,2.800,m,SINGLE,2023-02-09 13:05:58.2 UTC-07:00,2023-02-09 13:05:59.2 UTC-07:00,6,2.0,,,,,,,,WGS 84 / UTM zone 11N
SDP64,,606991.412,4865379.019,1881.731,105,-115.66699861,43.93375690,1881.731,0.671,0.426,0.842,0.795,2.800,m,SINGLE,2023-02-09 13:06:20.4 UTC-07:00,2023-02-09 13:06:21.4 UTC-07:00,6,1.8,,,,,,,,WGS 84 / UTM zone 11N
SDP65,,606995.565,4865382.040,1883.849,134,-115.66694627,43.93378350,1883.849,0.783,0.387,0.910,0.874,2.800,m,SINGLE,2023-02-09 13:06:40.6 UTC-07:00,2023-02-09 13:06:41.6 UTC-07:00,6,2.4,,,,,,,,WGS 84 / UTM zone 11N
SDP66,,606995.904,4865385.994,1882.618,153,-115.66694126,43.93381903,1882.618,0.662,0.534,0.940,0.850,2.800,m,SINGLE,2023-02-09 13:07:02.8 UTC-07:00,2023-02-09 13:07:03.8 UTC-07:00,6,1.7,,,,,,,,WGS 84 / UTM zone 11N
SDP67,,606996.809,4865389.565,1882.113,157,-115.66692926,43.93385105,1882.113,0.403,0.340,0.775,0.528,2.800,m,SINGLE,2023-02-09 13:07:24.0 UTC-07:00,2023-02-09 13:07:25.0 UTC-07:00,6,1.7,,,,,,,,WGS 84 / UTM zone 11N
SDP68,,606997.972,4865391.923,1886.353,168,-115.66691431,43.93387210,1886.353,0.323,0.392,0.611,0.508,2.800,m,SINGLE,2023-02-09 13:07:43.6 UTC-07:00,2023-02-09 13:07:44.6 UTC-07:00,6,1.7,,,,,,,,WGS 84 / UTM zone 11N
SDP69,,606998.230,4865396.086,1886.486,172,-115.66691026,43.93390954,1886.486,0.300,0.340,0.582,0.454,2.800,m,SINGLE,2023-02-09 13:08:03.2 UTC-07:00,2023-02-09 13:08:04.2 UTC-07:00,6,1.7,,,,,,,,WGS 84 / UTM zone 11N
SDP70,,606998.877,4865399.234,1887.227,164,-115.66690157,43.93393778,1887.227,0.260,0.310,0.481,0.405,2.800,m,SINGLE,2023-02-09 13:08:24.6 UTC-07:00,2023-02-09 13:08:25.6 UTC-07:00,6,1.4,,,,,,,,WGS 84 / UTM zone 11N
SDP71,,606998.503,4865402.746,1887.785,139,-115.66690551,43.93396944,1887.785,0.220,0.210,0.440,0.304,2.800,m,SINGLE,2023-02-09 13:08:45.4 UTC-07:00,2023-02-09 13:08:46.4 UTC-07:00,6,1.5,,,,,,,,WGS 84 / UTM zone 11N
SDP72,,606997.054,4865406.377,1887.934,165,-115.66692284,43.93400234,1887.934,0.230,0.200,0.567,0.305,2.800,m,SINGLE,2023-02-09 13:09:05.0 UTC-07:00,2023-02-09 13:09:06.0 UTC-07:00,6,1.6,,,,,,,,WGS 84 / UTM zone 11N
SDP73,,606997.906,4865409.809,1889.244,165,-115.66691153,43.93403311,1889.244,0.220,0.211,0.479,0.305,2.800,m,SINGLE,2023-02-09 13:09:26.8 UTC-07:00,2023-02-09 13:09:27.8 UTC-07:00,6,1.3,,,,,,,,WGS 84 / UTM zone 11N
SDP74,,606995.331,4865411.606,1890.401,142,-115.66694325,43.93404966,1890.401,0.177,0.210,0.405,0.275,2.800,m,SINGLE,2023-02-09 13:09:49.0 UTC-07:00,2023-02-09 13:09:50.0 UTC-07:00,6,1.6,,,,,,,,WGS 84 / UTM zone 11N
SDP75,,606992.097,4865410.604,1891.382,133,-115.66698372,43.93404110,1891.382,0.181,0.202,0.385,0.271,2.800,m,SINGLE,2023-02-09 13:10:09.8 UTC-07:00,2023-02-09 13:10:10.8 UTC-07:00,6,1.4,,,,,,,,WGS 84 / UTM zone 11N
SDP76,,606988.366,4865411.110,1892.375,165,-115.66703010,43.93404620,1892.375,0.220,0.207,0.521,0.302,2.800,m,SINGLE,2023-02-09 13:10:31.8 UTC-07:00,2023-02-09 13:10:32.8 UTC-07:00,6,1.6,,,,,,,,WGS 84 / UTM zone 11N
SDP77,,606985.714,4865414.068,1891.972,167,-115.66706254,43.93407321,1891.972,0.227,0.205,0.509,0.306,2.800,m,SINGLE,2023-02-09 13:10:55.4 UTC-07:00,2023-02-09 13:10:56.4 UTC-07:00,6,1.4,,,,,,,,WGS 84 / UTM zone 11N
SDP78,,606984.144,4865416.458,1894.269,166,-115.66708161,43.93409496,1894.269,0.201,0.159,0.384,0.257,2.800,m,SINGLE,2023-02-09 13:11:15.6 UTC-07:00,2023-02-09 13:11:16.6 UTC-07:00,6,1.4,,,,,,,,WGS 84 / UTM zone 11N
SDP79,,606984.515,4865421.194,1894.528,146,-115.66707604,43.93413753,1894.528,0.201,0.172,0.406,0.264,2.800,m,SINGLE,2023-02-09 13:11:35.8 UTC-07:00,2023-02-09 13:11:36.8 UTC-07:00,6,1.3,,,,,,,,WGS 84 / UTM zone 11N
SDP80,,606984.212,4865425.545,1895.987,150,-115.66707894,43.93417674,1895.987,0.200,0.161,0.420,0.257,2.800,m,SINGLE,2023-02-09 13:11:53.8 UTC-07:00,2023-02-09 13:11:54.8 UTC-07:00,6,1.4,,,,,,,,WGS 84 / UTM zone 11N
SDP81,,606982.342,4865431.502,1897.463,170,-115.66710103,43.93423063,1897.463,0.205,0.154,0.384,0.256,2.800,m,SINGLE,2023-02-09 13:12:14.6 UTC-07:00,2023-02-09 13:12:15.6 UTC-07:00,6,1.4,,,,,,,,WGS 84 / UTM zone 11N
SDP82,,606979.284,4865437.482,1899.099,175,-115.66713792,43.93428490,1899.099,0.209,0.187,0.466,0.280,2.800,m,SINGLE,2023-02-09 13:12:33.2 UTC-07:00,2023-02-09 13:12:34.2 UTC-07:00,6,1.5,,,,,,,,WGS 84 / UTM zone 11N
SDP83,,606977.879,4865441.296,1901.136,169,-115.66715465,43.93431944,1901.136,0.200,0.160,0.403,0.256,2.800,m,SINGLE,2023-02-09 13:12:52.0 UTC-07:00,2023-02-09 13:12:53.0 UTC-07:00,6,1.4,,,,,,,,WGS 84 / UTM zone 11N
SDP84,,606975.493,4865444.650,1902.683,145,-115.66718370,43.93434998,1902.683,0.201,0.203,0.415,0.286,2.800,m,SINGLE,2023-02-09 13:13:19.8 UTC-07:00,2023-02-09 13:13:20.8 UTC-07:00,6,1.2,,,,,,,,WGS 84 / UTM zone 11N
SDP85,,606973.245,4865445.305,1903.645,150,-115.66721156,43.93435619,1903.645,0.190,0.181,0.378,0.262,2.800,m,SINGLE,2023-02-09 13:14:06.4 UTC-07:00,2023-02-09 13:14:07.4 UTC-07:00,6,1.3,,,,,,,,WGS 84 / UTM zone 11N
SDP86,,606970.822,4865442.465,1904.741,158,-115.66724232,43.93433098,1904.741,0.190,0.172,0.394,0.256,2.800,m,SINGLE,2023-02-09 13:14:24.4 UTC-07:00,2023-02-09 13:14:25.4 UTC-07:00,6,1.2,,,,,,,,WGS 84 / UTM zone 11N
SDP87,,606968.962,4865440.488,1904.286,184,-115.66726588,43.93431346,1904.286,0.202,0.174,0.386,0.266,2.800,m,SINGLE,2023-02-09 13:14:47.6 UTC-07:00,2023-02-09 13:14:48.6 UTC-07:00,6,1.4,,,,,,,,WGS 84 / UTM zone 11N
SDP88,,606987.486,4865373.013,1881.985,114,-115.66704872,43.93370341,1881.985,0.379,0.430,0.771,0.573,2.800,m,SINGLE,2023-02-09 13:17:31.4 UTC-07:00,2023-02-09 13:17:32.4 UTC-07:00,6,1.5,,,,,,,,WGS 84 / UTM zone 11N
SDP89,,606924.773,4865308.309,1852.586,154,-115.66784285,43.93313011,1852.586,0.245,0.190,0.497,0.311,2.800,m,SINGLE,2023-02-09 13:21:42.2 UTC-07:00,2023-02-09 13:21:43.2 UTC-07:00,6,1.7,,,,,,,,WGS 84 / UTM zone 11N
SDP90,,606926.803,4865309.392,1850.527,165,-115.66781735,43.93313957,1850.527,0.267,0.220,0.540,0.346,2.800,m,SINGLE,2023-02-09 13:22:00.4 UTC-07:00,2023-02-09 13:22:01.4 UTC-07:00,6,1.4,,,,,,,,WGS 84 / UTM zone 11N
SDP91,,606928.944,4865308.970,1852.100,165,-115.66779077,43.93313545,1852.100,0.283,0.222,0.574,0.360,2.800,m,SINGLE,2023-02-09 13:22:17.6 UTC-07:00,2023-02-09 13:22:18.6 UTC-07:00,6,1.6,,,,,,,,WGS 84 / UTM zone 11N
SDP92,,606929.777,4865307.147,1853.946,159,-115.66778075,43.93311892,1853.946,0.232,0.170,0.462,0.288,2.800,m,SINGLE,2023-02-09 13:22:39.4 UTC-07:00,2023-02-09 13:22:40.4 UTC-07:00,6,1.6,,,,,,,,WGS 84 / UTM zone 11N
SDP93,,606930.935,4865304.218,1853.857,157,-115.66776693,43.93309239,1853.857,0.282,0.234,0.620,0.366,2.800,m,SINGLE,2023-02-09 13:23:03.0 UTC-07:00,2023-02-09 13:23:04.0 UTC-07:00,6,2.4,,,,,,,,WGS 84 / UTM zone 11N
SDP94,,606940.081,4865293.320,1853.594,156,-115.66765520,43.93299297,1853.594,0.220,0.220,0.542,0.311,2.800,m,SINGLE,2023-02-09 13:25:30.4 UTC-07:00,2023-02-09 13:25:31.4 UTC-07:00,6,1.7,,,,,,,,WGS 84 / UTM zone 11N
SDP95,,606946.964,4865283.531,1849.834,149,-115.66757143,43.93290386,1849.834,0.177,0.148,0.348,0.230,2.800,m,SINGLE,2023-02-09 13:26:22.0 UTC-07:00,2023-02-09 13:26:23.0 UTC-07:00,6,1.5,,,,,,,,WGS 84 / UTM zone 11N
SDP96,,606948.988,4865279.422,1848.417,160,-115.66754705,43.93286657,1848.417,0.182,0.153,0.358,0.238,2.800,m,SINGLE,2023-02-09 13:26:54.0 UTC-07:00,2023-02-09 13:26:55.0 UTC-07:00,6,1.3,,,,,,,,WGS 84 / UTM zone 11N
SDP97,,606950.472,4865280.229,1847.265,145,-115.66752840,43.93287362,1847.265,0.478,0.486,0.949,0.682,2.800,m,SINGLE,2023-02-09 13:27:22.8 UTC-07:00,2023-02-09 13:27:23.8 UTC-07:00,6,1.4,,,,,,,,WGS 84 / UTM zone 11N
SDP98,,606952.439,4865279.405,1848.427,153,-115.66750406,43.93286592,1848.427,0.183,0.161,0.395,0.244,2.800,m,SINGLE,2023-02-09 13:28:10.6 UTC-07:00,2023-02-09 13:28:11.6 UTC-07:00,6,1.4,,,,,,,,WGS 84 / UTM zone 11N
SDP99,,606956.053,4865279.092,1847.351,151,-115.66745912,43.93286258,1847.351,0.200,0.161,0.401,0.257,2.800,m,SINGLE,2023-02-09 13:28:41.0 UTC-07:00,2023-02-09 13:28:42.0 UTC-07:00,6,1.6,,,,,,,,WGS 84 / UTM zone 11N
SDP100,,606955.651,4865281.150,1848.083,155,-115.66746372,43.93288116,1848.083,0.200,0.170,0.400,0.263,2.800,m,SINGLE,2023-02-09 13:28:54.8 UTC-07:00,2023-02-09 13:28:55.8 UTC-07:00,6,1.4,,,,,,,,WGS 84 / UTM zone 11N
SDP101,,606943.198,4865275.988,1855.021,155,-115.66761985,43.93283651,1855.021,0.227,0.251,0.453,0.338,2.800,m,SINGLE,2023-02-09 13:29:45.2 UTC-07:00,2023-02-09 13:29:46.2 UTC-07:00,6,1.6,,,,,,,,WGS 84 / UTM zone 11N
